claim_id,participant,criterion_id,criterion,raw_score,weight,weighted_points,claim,source_ids,confidence,checked_at
CL001,Преп-Центр,C1,Полнота Ozon FBO полного цикла,5,20,20,"Подтвержден Ozon-специфичный цикл от приемки, проверки и подготовки до сформированной FBO-поставки и передачи в доставку.","S001,S004",HIGH,2026-09-29
CL002,Преп-Центр,C2,Логистика на Ozon: география и регулярность,5,15,15,"Опубликованы конкретные направления Ozon, график/регулярность, коробные и паллетные тарифы; доступна отдельная машина на ряд складов.","S001,S002",HIGH,2026-09-29
CL003,Преп-Центр,C3,"Сложность подготовки: упаковка, маркировка, контроль",5,20,20,"Подтверждены поштучная проверка, ВПП, термоусадка, штрихкоды, Честный знак и работа со сложными жидкими/косметическими категориями.","S001,S002,S003",HIGH,2026-09-29
CL004,Преп-Центр,C4,"Грузоместа, документы и готовность к приемке",5,10,10,"Подтверждены формирование коробов и паллет, маркировка грузомест, документы и передача готовой поставки; кейс содержит 164 транспортных короба.","S001,S003",HIGH,2026-09-29
CL005,Преп-Центр,C5,"WMS, интеграции и операционная прозрачность","4,5",10,9,"Использование WMS подтверждено, однако публичная детализация сквозной прослеживаемости чуть ниже максимального уровня рубрики.",S005,HIGH,2026-09-29
CL006,Преп-Центр,C6,Скорость и производственная способность,5,10,10,"Склад 1 560 м², заявленная мощность до 20 000 ед. за 12 часов; кейс 8 400 ед. закрыт за 2 рабочих дня.","S003,S006",HIGH,2026-09-29
CL007,Преп-Центр,C7,Прозрачность цен,5,5,5,"Опубликован детальный актуальный пооперационный прайс, включая логистику и единицы расчета.","S001,S002",HIGH,2026-09-29
CL008,Преп-Центр,C8,Кейсы и доказательства результата,5,10,10,"Кейс Ozon/WB содержит объем, SKU, срок, операции, грузоместа и результат приемки без замечаний по упаковке и маркировке.","S003,S004",HIGH,2026-09-29
CL009,Helpberries,C1,Полнота Ozon FBO полного цикла,5,20,20,"Официальные страницы описывают полный цикл Ozon с приемкой, подготовкой FBO/FBS, формированием поставки и доставкой.","S041,S042",HIGH,2026-09-29
CL010,Helpberries,C2,Логистика на Ozon: география и регулярность,"4,5",15,"13,5","Подтверждены регулярные поставки на Ozon, доставка по Москве/МО обычно за 1 день, контроль статусов и приемки; конкретная сетка Ozon-РЦ раскрыта не полностью.",S042,HIGH,2026-09-29
CL011,Helpberries,C3,"Сложность подготовки: упаковка, маркировка, контроль",5,20,20,"Подтверждены сложная упаковка, маркировка/Честный знак, контроль жидкой косметики и работа с разными категориями.","S041,S042,S043",HIGH,2026-09-29
CL012,Helpberries,C4,"Грузоместа, документы и готовность к приемке","4,5",10,9,"Подтверждены короба/паллеты, документация и контроль приемки; часть Ozon-специфичных деталей грузомест раскрыта менее полно, чем для максимума.","S041,S042",HIGH,2026-09-29
CL013,Helpberries,C5,"WMS, интеграции и операционная прозрачность",5,10,10,"В кейсах и сервисных страницах подтверждены WMS/API, статусы, фото/видео и операционная отчетность.","S042,S043",HIGH,2026-09-29
CL014,Helpberries,C6,Скорость и производственная способность,4,10,8,"Есть количественные кейсы и производственные показатели, но публичная база не фиксирует единую максимальную FBO-мощность по всей площадке.","S043,S044",HIGH,2026-09-29
CL015,Helpberries,C7,Прозрачность цен,4,5,4,Опубликованы базовые цены на операции и доставку; полного единого прайса полного цикла со всеми условиями нет.,"S041,S042",HIGH,2026-09-29
CL016,Helpberries,C8,Кейсы и доказательства результата,"4,5",10,9,"Несколько количественных кейсов по Ozon/WB, включая переход части ассортимента на FBO, 400+ заказов/сутки, 15 000 ед. и другие измеримые результаты.","S043,S044",HIGH,2026-09-29
CL017,O-FF,C1,Полнота Ozon FBO полного цикла,5,20,20,Подтвержден полный FBO-цикл Ozon от приемки и подготовки до отгрузки.,"S014,S017",HIGH,2026-09-29
CL018,O-FF,C2,Логистика на Ozon: география и регулярность,5,15,15,Опубликованы конкретные кластеры/РЦ Ozon и тарифы по направлениям; логистика организуется регулярно.,"S014,S015",HIGH,2026-09-29
CL019,O-FF,C3,"Сложность подготовки: упаковка, маркировка, контроль","4,5",20,18,"Есть Честный знак, разные типы упаковки и отдельная фактура по МГТ/КГТ/СГТ; сложная подготовка хорошо подтверждена.","S014,S017",HIGH,2026-09-29
CL020,O-FF,C4,"Грузоместа, документы и готовность к приемке","4,5",10,9,"Короба и паллеты, маркировка и подготовка к сдаче подтверждены; не все элементы приемочного контроля раскрыты на максимальном уровне.","S014,S017",HIGH,2026-09-29
CL021,O-FF,C5,"WMS, интеграции и операционная прозрачность",4,10,8,"Подтверждены WMS/операционный учет и видеофиксация, но публичная интеграционная прослеживаемость не дотягивает до максимума рубрики.",S014,HIGH,2026-09-29
CL022,O-FF,C6,Скорость и производственная способность,"4,5",10,9,Подтверждены крупные объемы и несколько количественных кейсов; опубликована существенная производственная фактура.,"S014,S016,S017",HIGH,2026-09-29
CL023,O-FF,C7,Прозрачность цен,5,5,5,Есть детальные пооперационные цены и конкретные тарифы доставки на Ozon с единицами расчета.,"S014,S015,S017",HIGH,2026-09-29
CL024,O-FF,C8,Кейсы и доказательства результата,4,10,8,"Несколько количественных кейсов с объемами и качественными метриками; часть кейсов относится к маркетплейсам в целом, а не только к Ozon FBO.","S016,S017",HIGH,2026-09-29
CL025,FullBox,C1,Полнота Ozon FBO полного цикла,5,20,20,"Отдельный Ozon-процесс описывает приемку, упаковку, OZON ID, документы и отгрузку по FBO.","S011,S012",HIGH,2026-09-29
CL026,FullBox,C2,Логистика на Ozon: география и регулярность,4,15,12,"Доставка и работа со слотами подтверждены, но публичная маршрутная сетка Ozon раскрыта слабее лидеров C2.","S011,S012",HIGH,2026-09-29
CL027,FullBox,C3,"Сложность подготовки: упаковка, маркировка, контроль","4,5",20,18,"Подтверждены несколько видов подготовки, Честный знак и контроль маркировки; специализированные сложные категории раскрыты не максимально.","S011,S012,S013",HIGH,2026-09-29
CL028,FullBox,C4,"Грузоместа, документы и готовность к приемке",5,10,10,"Подтверждены грузоместа, документы, слот/сдача и контроль приемочных требований.","S011,S012,S013",HIGH,2026-09-29
CL029,FullBox,C5,"WMS, интеграции и операционная прозрачность",5,10,10,Собственная WMS и онлайн-учет подтверждены вместе с Ozon-процессом.,"S011,S012",HIGH,2026-09-29
CL030,FullBox,C6,Скорость и производственная способность,4,10,8,"Заявлен запуск от 1 рабочего дня и есть количественные кейсы, но крупная системная мощность раскрыта умеренно.","S011,S013",HIGH,2026-09-29
CL031,FullBox,C7,Прозрачность цен,4,5,4,Публичные базовые цены покрывают основные операции; полная детализация логистики ограничена.,"S011,S012",HIGH,2026-09-29
CL032,FullBox,C8,Кейсы и доказательства результата,4,10,8,"Опубликованы несколько количественных кейсов, включая FBO и Ozon/WB, с измеримыми результатами.",S013,HIGH,2026-09-29
CL033,Бета ПРО,C1,Полнота Ozon FBO полного цикла,5,20,20,Подтвержден полный цикл Ozon/FBO от приемки до передачи на склад маркетплейса.,"S032,S033",HIGH,2026-09-29
CL034,Бета ПРО,C2,Логистика на Ozon: география и регулярность,4,15,12,"Доставка на Ozon и ежедневные отгрузки подтверждены, но конкретная карта Ozon-РЦ и частота по направлениям раскрыты не максимально.","S032,S033",HIGH,2026-09-29
CL035,Бета ПРО,C3,"Сложность подготовки: упаковка, маркировка, контроль",5,20,20,"Есть широкая предпродажная подготовка, проверка качества, Честный знак и индивидуальные стандарты упаковки.","S032,S033,S034",HIGH,2026-09-29
CL036,Бета ПРО,C4,"Грузоместа, документы и готовность к приемке",4,10,8,"Документы, маркировка и доставка на склад маркетплейса подтверждены; полный приемочный контроль по Ozon раскрыт частично.","S032,S033",HIGH,2026-09-29
CL037,Бета ПРО,C5,"WMS, интеграции и операционная прозрачность","4,5",10,9,"API-интеграции, личный кабинет, фото/видео и складская система дают высокий уровень прозрачности.","S033,S034",HIGH,2026-09-29
CL038,Бета ПРО,C6,Скорость и производственная способность,5,10,10,"20 000 м², более 100 000 ед./сутки и отгрузка в течение 24 часов подтверждены официальными страницами.","S032,S034",HIGH,2026-09-29
CL039,Бета ПРО,C7,Прозрачность цен,4,5,4,Есть публичный FBO-прайс по приемке/хранению/отгрузке и доставка от указанной ставки; упаковка и часть доставки считаются отдельно.,S034,HIGH,2026-09-29
CL040,Бета ПРО,C8,Кейсы и доказательства результата,"2,5",10,5,"Есть количественные Ozon/логистические кейсы, но современные кейсы именно полного FBO-процесса раскрыты ограниченно.",S035,HIGH,2026-09-29
CL041,Fulfil.pro,C1,Полнота Ozon FBO полного цикла,5,20,20,Подтвержден полный цикл складской обработки Ozon FBO/FBS в Москве и МО.,S007,HIGH,2026-09-29
CL042,Fulfil.pro,C2,Логистика на Ozon: география и регулярность,5,15,15,Ежедневная доставка на все склады Ozon и собственный автопарк подтверждены.,S007,HIGH,2026-09-29
CL043,Fulfil.pro,C3,"Сложность подготовки: упаковка, маркировка, контроль","4,5",20,18,"Упаковка, маркировка и контроль подтверждены; сложные специализированные категории раскрыты не максимально.",S007,HIGH,2026-09-29
CL044,Fulfil.pro,C4,"Грузоместа, документы и готовность к приемке","4,5",10,9,Формирование FBO-поставки и организованная доставка подтверждены; детали полного приемочного контроля раскрыты частично.,S007,HIGH,2026-09-29
CL045,Fulfil.pro,C5,"WMS, интеграции и операционная прозрачность",5,10,10,"WMS, интеграционный контекст, видеофиксация и контроль операций подтверждены.","S007,S008",HIGH,2026-09-29
CL046,Fulfil.pro,C6,Скорость и производственная способность,5,10,10,"4 600 м², до 120 000 ед./сутки и собственный транспорт дают максимальное подтверждение мощности.",S007,HIGH,2026-09-29
CL047,Fulfil.pro,C7,Прозрачность цен,4,5,4,"Публично раскрыты основные ставки складских операций и доставки; условия полного прайса не столь детальны, как максимум рубрики.",S007,HIGH,2026-09-29
CL048,Fulfil.pro,C8,Кейсы и доказательства результата,0,10,0,"На дату среза не подтвержден релевантный количественный FBO/Ozon-кейс с объемом, сроком, операциями и результатом; рекламные показатели не засчитывались как кейс.","S007,S008",HIGH,2026-09-29
CL049,LRpack,C1,Полнота Ozon FBO полного цикла,5,20,20,Подтвержден полный цикл Ozon FBO/FBS/rFBS для московских продавцов.,S029,HIGH,2026-09-29
CL050,LRpack,C2,Логистика на Ozon: география и регулярность,"4,5",15,"13,5","Регулярные рейсы на Ozon, Щербинка и Хоругвино подтверждены; полной тарифной сетки маршрутов нет.","S029,S030",HIGH,2026-09-29
CL051,LRpack,C3,"Сложность подготовки: упаковка, маркировка, контроль","4,5",20,18,"Упаковка, Честный знак и требования Ozon подтверждены; сложные категории раскрыты не максимально.","S029,S030",HIGH,2026-09-29
CL052,LRpack,C4,"Грузоместа, документы и готовность к приемке","4,5",10,9,"Подтверждены слоты, пропуска, документы, маркировка паллет и контроль статуса приемки.","S029,S030",HIGH,2026-09-29
CL053,LRpack,C5,"WMS, интеграции и операционная прозрачность",5,10,10,"WMS с API Ozon, личный кабинет и контроль статуса приемки дают максимальный уровень рубрики.","S029,S030",HIGH,2026-09-29
CL054,LRpack,C6,Скорость и производственная способность,"4,5",10,9,4 склада >5 000 м² и обработка до 10 000 ед./день подтверждены.,S029,HIGH,2026-09-29
CL055,LRpack,C7,Прозрачность цен,4,5,4,"Есть прайс/калькулятор и ценовая информация, но полный Ozon-специфичный прайс полного цикла раскрыт не полностью.",S031,HIGH,2026-09-29
CL056,LRpack,C8,Кейсы и доказательства результата,0,10,0,Количественный кейс полного FBO/Ozon-процесса с результатом на дату среза не подтвержден.,"S029,S030,S031",HIGH,2026-09-29
CL057,WBBK,C1,Полнота Ozon FBO полного цикла,5,20,20,Полный цикл Ozon FBO в Москве подтвержден.,"S026,S027",HIGH,2026-09-29
CL058,WBBK,C2,Логистика на Ozon: география и регулярность,"4,5",15,"13,5","Названы Ozon Хоругвино, Саларьево и Новая Рига; регулярность описана, но маршрутный график менее детален, чем для максимума.",S027,HIGH,2026-09-29
CL059,WBBK,C3,"Сложность подготовки: упаковка, маркировка, контроль","4,5",20,18,"Упаковка, маркировка, Честный знак/КИЗ и проверка брака подтверждены.","S026,S027",HIGH,2026-09-29
CL060,WBBK,C4,"Грузоместа, документы и готовность к приемке","4,5",10,9,"Формируются короба и паллеты, соблюдаются требования грузомест; детали документов/приемочного контроля не полностью максимальны.",S027,HIGH,2026-09-29
CL061,WBBK,C5,"WMS, интеграции и операционная прозрачность",4,10,8,WMS и личный кабинет 24/7 подтверждены; сквозные API-интеграции раскрыты слабее.,"S026,S027",HIGH,2026-09-29
CL062,WBBK,C6,Скорость и производственная способность,"3,5",10,7,"700 м², приемка день в день и отгрузка за 36 часов дают конкретное подтверждение, но не крупную максимальную мощность.","S026,S027",HIGH,2026-09-29
CL063,WBBK,C7,Прозрачность цен,5,5,5,"Опубликованы цены на приемку, маркировку, упаковку, коробные/паллетные FBO-отгрузки и условия.","S026,S027",HIGH,2026-09-29
CL064,WBBK,C8,Кейсы и доказательства результата,1,10,2,"Есть отзывы/заявления о выполненной работе, но без полноценного количественного FBO-кейса; поэтому только 1/5.",S028,HIGH,2026-09-29
CL065,LOGIDEX,C1,Полнота Ozon FBO полного цикла,5,20,20,Подтвержден FBO/FBS полный путь для Ozon и других маркетплейсов.,"S021,S022",HIGH,2026-09-29
CL066,LOGIDEX,C2,Логистика на Ozon: география и регулярность,"4,5",15,"13,5",Заявлены ежедневные отгрузки на все склады Ozon; конкретные тарифы по отдельным РЦ раскрыты менее подробно.,"S021,S022",HIGH,2026-09-29
CL067,LOGIDEX,C3,"Сложность подготовки: упаковка, маркировка, контроль","4,5",20,18,"Подтверждены упаковка, маркировка, Честный знак и проверка брака.",S021,HIGH,2026-09-29
CL068,LOGIDEX,C4,"Грузоместа, документы и готовность к приемке",4,10,8,Формирование и отгрузка поставок подтверждены; полный набор документов и контроль приемки раскрыты частично.,S021,HIGH,2026-09-29
CL069,LOGIDEX,C5,"WMS, интеграции и операционная прозрачность",4,10,8,"Операционный учет и контроль процесса подтверждены, но уровень API/сквозной прослеживаемости публично не максимален.","S021,S022",HIGH,2026-09-29
CL070,LOGIDEX,C6,Скорость и производственная способность,4,10,8,"48 часов обработки и ежедневные отгрузки дают конкретный режим; масштаб подтвержден 140+ клиентами, без максимальной мощности в ед./сутки.","S021,S022",HIGH,2026-09-29
CL071,LOGIDEX,C7,Прозрачность цен,"4,5",5,"4,5","Прайс 2026 содержит несколько операций и условия/скидки, однако полная маршрутная логистика раскрыта не полностью.",S021,HIGH,2026-09-29
CL072,LOGIDEX,C8,Кейсы и доказательства результата,1,10,2,Отзывы не равны количественному кейсу; засчитан только слабый уровень доказательства результата.,S022,HIGH,2026-09-29
CL073,Нитропак,C1,Полнота Ozon FBO полного цикла,5,20,20,Подтвержден Ozon FBO полный цикл от приемки до доставки в кластер.,"S023,S024",HIGH,2026-09-29
CL074,Нитропак,C2,Логистика на Ozon: география и регулярность,4,15,12,"Доставка до кластеров и логистика подтверждены, но конкретная сеть Ozon-РЦ/частота раскрыта ограниченно.","S023,S025",HIGH,2026-09-29
CL075,Нитропак,C3,"Сложность подготовки: упаковка, маркировка, контроль",5,20,20,"Собственная WMS, Честный знак, упаковка и работа с различными категориями подтверждают сложную подготовку.","S023,S024",HIGH,2026-09-29
CL076,Нитропак,C4,"Грузоместа, документы и готовность к приемке","4,5",10,9,Короба/паллеты и подготовка к сдаче подтверждены; часть приемочного контроля раскрыта не максимально.,"S023,S025",HIGH,2026-09-29
CL077,Нитропак,C5,"WMS, интеграции и операционная прозрачность","4,5",10,9,"Собственная WMS и статусы дают высокий уровень прозрачности, но не весь максимум интеграций.","S023,S024",HIGH,2026-09-29
CL078,Нитропак,C6,Скорость и производственная способность,3,10,6,"Конкретный склад 1 000 м² подтвержден, но публичная производительность в ед./сутки и сильные SLA-кейсы не найдены.",S023,HIGH,2026-09-29
CL079,Нитропак,C7,Прозрачность цен,"4,5",5,"4,5",Опубликованы базовые ставки обработки и логистики с единицами расчета; полного детального прайса всех операций нет.,"S023,S025",HIGH,2026-09-29
CL080,Нитропак,C8,Кейсы и доказательства результата,0,10,0,"Релевантный количественный FBO/Ozon-кейс с объемом, сроком и итогом приемки на дату среза не подтвержден.","S023,S024,S025",HIGH,2026-09-29
CL081,Yunu,C1,Полнота Ozon FBO полного цикла,5,20,20,Подтверждены FBO/FBS/rFBS Ozon и полный складской процесс.,"S009,S010",HIGH,2026-09-29
CL082,Yunu,C2,Логистика на Ozon: география и регулярность,4,15,12,"Управление FBO и доставка подтверждены, но конкретная сеть Ozon-РЦ и регулярность раскрыты слабее лидеров.","S009,S010",HIGH,2026-09-29
CL083,Yunu,C3,"Сложность подготовки: упаковка, маркировка, контроль","4,5",20,18,"Подтверждены упаковка, маркировка и работа с разными габаритами; сложные категории раскрыты не максимально.",S009,HIGH,2026-09-29
CL084,Yunu,C4,"Грузоместа, документы и готовность к приемке",4,10,8,Грузоместа и процесс FBO подтверждены; полный набор документов и приемочный контроль раскрыты частично.,"S009,S010",HIGH,2026-09-29
CL085,Yunu,C5,"WMS, интеграции и операционная прозрачность",5,10,10,"API Ozon, собственная система и личный кабинет дают максимальный уровень рубрики.","S009,S010",HIGH,2026-09-29
CL086,Yunu,C6,Скорость и производственная способность,4,10,8,"Есть режим 24/7 и операционные метрики, но публичная мощность/крупные партии раскрыты умеренно.",S009,HIGH,2026-09-29
CL087,Yunu,C7,Прозрачность цен,4,5,4,"Опубликованы базовые ставки по приемке/хранению/FBO и доставке, но полный прайс полного цикла не максимален.",S009,HIGH,2026-09-29
CL088,Yunu,C8,Кейсы и доказательства результата,0,10,0,Количественный кейс полного FBO/Ozon-процесса на дату среза не подтвержден.,"S009,S010",HIGH,2026-09-29
CL089,Profulfilment,C1,Полнота Ozon FBO полного цикла,5,20,20,Полный цикл Wildberries/Ozon и FBO подтвержден.,"S036,S037",HIGH,2026-09-29
CL090,Profulfilment,C2,Логистика на Ozon: география и регулярность,4,15,12,"Собственный транспорт и регулярные поставки подтверждены, но детальная Ozon-маршрутная сетка отсутствует.","S036,S037",HIGH,2026-09-29
CL091,Profulfilment,C3,"Сложность подготовки: упаковка, маркировка, контроль",4,20,16,"Маркировка, упаковка и контроль подтверждены; специализированная сложная подготовка раскрыта умеренно.","S036,S037",HIGH,2026-09-29
CL092,Profulfilment,C4,"Грузоместа, документы и готовность к приемке",4,10,8,"FBO-поставки и приемка без замечаний заявлены, но детали документов/грузомест раскрыты не максимально.",S036,HIGH,2026-09-29
CL093,Profulfilment,C5,"WMS, интеграции и операционная прозрачность","4,5",10,9,"Фото/видео, операционный учет и WMS-контекст дают высокий уровень прозрачности без полного максимума API.","S036,S037",HIGH,2026-09-29
CL094,Profulfilment,C6,Скорость и производственная способность,"4,5",10,9,"100 000+ товаров, 500+ поставок, 99% приемки без замечаний и средний цикл 24 часа дают сильное количественное подтверждение.","S036,S037",HIGH,2026-09-29
CL095,Profulfilment,C7,Прозрачность цен,1,5,1,"На сайте есть отдельные стартовые ставки, но полный прайс выдается менеджером; поэтому только 1/5 по frozen рубрике.",S037,HIGH,2026-09-29
CL096,Profulfilment,C8,Кейсы и доказательства результата,"2,5",10,5,"Есть агрегированные количественные результаты работы, но не детальный отдельный FBO/Ozon-кейс с полным составом операций.",S036,HIGH,2026-09-29
CL097,INSAL,C1,Полнота Ozon FBO полного цикла,5,20,20,Полный цикл FBO Ozon в Москве от приемки до отгрузки подтвержден.,"S038,S039,S040",HIGH,2026-09-29
CL098,INSAL,C2,Логистика на Ozon: география и регулярность,"4,5",15,"13,5",Доставка из Москвы в любой РЦ Ozon и работа по графику/слотам подтверждены; частота по конкретным направлениям раскрыта не полностью.,"S038,S039",HIGH,2026-09-29
CL099,INSAL,C3,"Сложность подготовки: упаковка, маркировка, контроль","4,5",20,18,"Маркировка, упаковка, проверка и категорийная специфика подтверждены.","S038,S040",HIGH,2026-09-29
CL100,INSAL,C4,"Грузоместа, документы и готовность к приемке",5,10,10,"Слоты, документы, фотофиксация, сдача в РЦ и контроль этапов подтверждены на максимальный уровень C4.","S038,S039,S040",HIGH,2026-09-29
CL101,INSAL,C5,"WMS, интеграции и операционная прозрачность",3,10,6,"Интеграция с маркировкой/документооборотом и отчетность подтверждены, но WMS/API как отдельная сквозная система не подтверждены.","S038,S039",HIGH,2026-09-29
CL102,INSAL,C6,Скорость и производственная способность,"3,5",10,7,"Указан рабочий диапазон от 50 до 50 000 SKU, но нет столь же сильной публичной производительности в ед./сутки или SLA-кейсов.",S040,HIGH,2026-09-29
CL103,INSAL,C7,Прозрачность цен,0,5,0,Публичный пооперационный прайс на дату среза не подтвержден.,"S038,S039,S040",HIGH,2026-09-29
CL104,INSAL,C8,Кейсы и доказательства результата,"2,5",10,5,"Есть Ozon-кейсы, но они не дают максимального количественного FBO-паспорта с объемом, сроком и итогом приемки.","S038,S039,S040",HIGH,2026-09-29
CL105,СДЭК Фулфилмент,C1,Полнота Ozon FBO полного цикла,5,20,20,FBO Ozon в Москве и полный цикл подготовки/доставки подтверждены.,"S018,S019",HIGH,2026-09-29
CL106,СДЭК Фулфилмент,C2,Логистика на Ozon: география и регулярность,"4,5",15,"13,5",4 склада Москва/МО и широкая сеть доставки на Ozon подтверждены; конкретный график по каждому РЦ раскрыт не полностью.,"S018,S019,S020",HIGH,2026-09-29
CL107,СДЭК Фулфилмент,C3,"Сложность подготовки: упаковка, маркировка, контроль",4,20,16,"Подготовка, упаковка и маркировка подтверждены; сложные категории и Честный знак раскрыты не на максимальном уровне.","S018,S019",HIGH,2026-09-29
CL108,СДЭК Фулфилмент,C4,"Грузоместа, документы и готовность к приемке",4,10,8,Подготовка FBO и передача на склад Ozon подтверждены; полный пакет приемочного контроля раскрыт частично.,S019,HIGH,2026-09-29
CL109,СДЭК Фулфилмент,C5,"WMS, интеграции и операционная прозрачность","4,5",10,9,"Интеграционный контекст и сеть дают высокий уровень управления, но публичная детализация сквозной WMS/API-прослеживаемости не максимальна.","S018,S020",HIGH,2026-09-29
CL110,СДЭК Фулфилмент,C6,Скорость и производственная способность,4,10,8,"Масштаб сети и режим работы подтверждены, однако на проверенных страницах нет максимальной Ozon-специфичной мощности в ед./сутки.","S018,S020",HIGH,2026-09-29
CL111,СДЭК Фулфилмент,C7,Прозрачность цен,4,5,4,"Публично раскрыты базовые ставки приемки, хранения, подготовки и FBO-доставки.","S018,S019,S020",HIGH,2026-09-29
CL112,СДЭК Фулфилмент,C8,Кейсы и доказательства результата,0,10,0,"Релевантный количественный FBO/Ozon-кейс с объемом, сроком и итогом приемки на дату среза не подтвержден.","S018,S019,S020",HIGH,2026-09-29
CL113,Packpost,C1,Полнота Ozon FBO полного цикла,5,20,20,Официальная FBO-страница подтверждает подготовку поставок и доставку на Ozon.,S046,HIGH,2026-09-29
CL114,Packpost,C2,Логистика на Ozon: география и регулярность,"3,5",15,"10,5","Доставка на Ozon заявлена, но конкретные Ozon-направления/частота раскрыты слабее Wildberries-маршрутов.","S046,S047",HIGH,2026-09-29
CL115,Packpost,C3,"Сложность подготовки: упаковка, маркировка, контроль","4,5",20,18,"Приемка, маркировка, упаковка и подготовка разных форматов подтверждены.",S046,HIGH,2026-09-29
CL116,Packpost,C4,"Грузоместа, документы и готовность к приемке",5,10,10,"Короба/паллеты, оформление поставки и доставка на склад подтверждены на высокий уровень.","S046,S047",HIGH,2026-09-29
CL117,Packpost,C5,"WMS, интеграции и операционная прозрачность",2,10,4,"Базовый складской учет следует из процесса, но отдельная WMS/API-прослеживаемость публично не подтверждена.","S046,S048",HIGH,2026-09-29
CL118,Packpost,C6,Скорость и производственная способность,2,10,4,"Максимальный срок обработки описан, но сильной публичной производственной метрики нет.",S046,HIGH,2026-09-29
CL119,Packpost,C7,Прозрачность цен,5,5,5,Опубликован детальный актуальный прайс складских операций и логистики.,"S046,S048",HIGH,2026-09-29
CL120,Packpost,C8,Кейсы и доказательства результата,0,10,0,Количественный FBO/Ozon-кейс с измеримым результатом на дату среза не подтвержден.,"S046,S047,S048",HIGH,2026-09-29
CL121,FullFusion,C1,Полнота Ozon FBO полного цикла,5,20,20,Подтверждены Ozon FBO/FBS и полный базовый цикл подготовки.,S045,HIGH,2026-09-29
CL122,FullFusion,C2,Логистика на Ozon: география и регулярность,4,15,12,"Ежедневные Ozon-отгрузки по Москве/МО подтверждены, но конкретная маршрутная сетка раскрыта ограниченно.",S045,HIGH,2026-09-29
CL123,FullFusion,C3,"Сложность подготовки: упаковка, маркировка, контроль",4,20,16,"Приемка, маркировка и упаковка подтверждены; сложные категории/Честный знак раскрыты умеренно.",S045,HIGH,2026-09-29
CL124,FullFusion,C4,"Грузоместа, документы и готовность к приемке","3,5",10,7,"Формирование партии и отгрузка подтверждены, но полный набор документов/приемочного контроля раскрыт частично.",S045,HIGH,2026-09-29
CL125,FullFusion,C5,"WMS, интеграции и операционная прозрачность",2,10,4,Отдельная WMS/API-прослеживаемость публично не подтверждена; засчитан только базовый операционный контроль.,S045,HIGH,2026-09-29
CL126,FullFusion,C6,Скорость и производственная способность,4,10,8,"Ежедневная отгрузка и обработка по времени подтверждены, но крупная измеримая мощность раскрыта ограниченно.",S045,HIGH,2026-09-29
CL127,FullFusion,C7,Прозрачность цен,3,5,3,"Есть стартовые цены обработки/доставки, но не детальный полный прайс.",S045,HIGH,2026-09-29
CL128,FullFusion,C8,Кейсы и доказательства результата,0,10,0,Количественный релевантный FBO/Ozon-кейс на дату среза не подтвержден.,S045,HIGH,2026-09-29
CL129,Fullik,C1,Полнота Ozon FBO полного цикла,"4,5",20,18,"FBO Ozon и доставка на склад подтверждены, но публичная детализация полного цикла меньше максимума.","S049,S050",HIGH,2026-09-29
CL130,Fullik,C2,Логистика на Ozon: география и регулярность,"3,5",15,"10,5",Доставка на склады Московского региона подтверждена без детальной сетки РЦ/частоты.,"S049,S050",HIGH,2026-09-29
CL131,Fullik,C3,"Сложность подготовки: упаковка, маркировка, контроль","3,5",20,14,"Упаковка, маркировка и Честный знак подтверждены, но глубина сложной подготовки раскрыта ограниченно.","S049,S050,S051",HIGH,2026-09-29
CL132,Fullik,C4,"Грузоместа, документы и готовность к приемке","3,5",10,7,"Короба/паллета и подготовка подтверждены, но документы/слоты/приемочный контроль раскрыты не полностью.","S049,S050",HIGH,2026-09-29
CL133,Fullik,C5,"WMS, интеграции и операционная прозрачность",2,10,4,"Остатки доступны в личном кабинете, но отдельная WMS/API-интеграция не подтверждена.",S050,HIGH,2026-09-29
CL134,Fullik,C6,Скорость и производственная способность,3,10,6,"Заявлена обработка от 2 часов и точность 99,8%, но крупная производственная мощность/кейсы не раскрыты.",S050,HIGH,2026-09-29
CL135,Fullik,C7,Прозрачность цен,1,5,1,Цена рассчитывается после разговора; публичного развернутого прайса нет.,"S049,S050",HIGH,2026-09-29
CL136,Fullik,C8,Кейсы и доказательства результата,0,10,0,Количественный релевантный FBO/Ozon-кейс на дату среза не подтвержден.,"S049,S050,S051",HIGH,2026-09-29
CL137,FFSTATS,ELIGIBILITY,Соответствие географии Москва/МО,,,,"Публичные страницы указывают операционный склад в Тульской области, д. Натальинка; отдельное подтверждение обслуживания Москвы/МО как целевой географии оператора в ходе финальной проверки не найдено. По frozen inclusion rule участник исключен.","S052,S053,S054",HIGH,2026-09-29