rank,participant,eligibility,C1_raw,C1_points,C2_raw,C2_points,C3_raw,C3_points,C4_raw,C4_points,C5_raw,C5_points,C6_raw,C6_points,C7_raw,C7_points,C8_raw,C8_points,total_exact,total_public,calibration_score,delta_vs_calibration,source_ids,note
1,Преп-Центр,PASS,5,20,5,15,5,20,5,10,"4,5",9,5,10,5,5,5,10,99,99,96,3,"S001,S002,S003,S004,S005,S006",Лидер после финальной проверки. Текущие источники усилили C2 относительно калибровки.
2,Helpberries,PASS,5,20,"4,5","13,5",5,20,"4,5",9,5,10,4,8,4,4,"4,5",9,"93,5",94,74,"19,5","S041,S042,S043,S044","Существенный рост после финальной проверки: подтверждены сильные кейсы, WMS/API и логистика."
3,O-FF,PASS,5,20,5,15,"4,5",18,"4,5",9,4,8,"4,5",9,5,5,4,8,92,92,"88,5","3,5","S014,S015,S016,S017",Сильные маршруты/тарифы и количественные кейсы подтверждены текущими официальными материалами.
4,FullBox,PASS,5,20,4,12,"4,5",18,5,10,5,10,4,8,4,4,4,8,90,90,90,0,"S011,S012,S013",Финальные оценки близки к калибровке; кейсная база подтверждена.
5,Бета ПРО,PASS,5,20,4,12,5,20,4,8,"4,5",9,5,10,4,4,"2,5",5,88,88,80,8,"S032,S033,S034,S035",Сильная мощность и FBO-инфраструктура; кейсы Ozon не дают максимума C8.
6,Fulfil.pro,PASS,5,20,5,15,"4,5",18,"4,5",9,5,10,5,10,4,4,0,0,86,86,94,-8,"S007,S008","Операционная база сильная; релевантных количественных FBO/Ozon-кейсов в открытых источниках не подтверждено, поэтому C8=0."
7,LRpack,PASS,5,20,"4,5","13,5","4,5",18,"4,5",9,5,10,"4,5",9,4,4,0,0,"83,5",84,"80,5",3,"S029,S030,S031","Подтверждены WMS/API, мощность и Ozon-маршруты; количественных кейсов C8 не найдено."
8,WBBK,PASS,5,20,"4,5","13,5","4,5",18,"4,5",9,4,8,"3,5",7,5,5,1,2,"82,5",83,81,"1,5","S026,S027,S028",Сильные публичные тарифы и Ozon-маршруты; отзывы считаются только слабым доказательством C8.
9,LOGIDEX,PASS,5,20,"4,5","13,5","4,5",18,4,8,4,8,4,8,"4,5","4,5",1,2,82,82,"85,5","-3,5","S021,S022",Ежедневные Ozon-отгрузки и цены подтверждены; отзывы не равны количественным кейсам.
10,Нитропак,PASS,5,20,4,12,5,20,"4,5",9,"4,5",9,3,6,"4,5","4,5",0,0,"80,5",81,"82,5",-2,"S023,S024,S025",Сильная сложная подготовка и прозрачность; C8=0 без релевантного количественного кейса.
11=,Yunu,PASS,5,20,4,12,"4,5",18,4,8,5,10,4,8,4,4,0,0,80,80,92,-12,"S009,S010","Автоматизация подтверждена, но конкретная маршрутная детализация и количественные кейсы слабее лидеров."
11=,Profulfilment,PASS,5,20,4,12,4,16,4,8,"4,5",9,"4,5",9,1,1,"2,5",5,80,80,79,1,"S036,S037","100 000+ товаров, 500+ поставок, 99% приемки и 24 ч подтверждены; публичный полный прайс отсутствует."
13,INSAL,PASS,5,20,"4,5","13,5","4,5",18,5,10,3,6,"3,5",7,0,0,"2,5",5,"79,5",80,79,"0,5","S038,S039,S040",Сильная процедура FBO и документация; публичные цены не подтверждены.
14,СДЭК Фулфилмент,PASS,5,20,"4,5","13,5",4,16,4,8,"4,5",9,4,8,4,4,0,0,"78,5",79,87,"-8,5","S018,S019,S020",Сильная инфраструктура и тарифы; релевантные количественные кейсы C8 не подтверждены.
15,Packpost,PASS,5,20,"3,5","10,5","4,5",18,5,10,2,4,2,4,5,5,0,0,"71,5",72,70,"1,5","S046,S047,S048","Сильные грузоместа и прайс; Ozon-маршруты, WMS и количественные кейсы раскрыты слабее."
16,FullFusion,PASS,5,20,4,12,4,16,"3,5",7,2,4,4,8,3,3,0,0,70,70,72,-2,S045,Ежедневные Ozon-отгрузки Москва/МО подтверждены; WMS и количественные кейсы не подтверждены.
17,Fullik,PASS,"4,5",18,"3,5","10,5","3,5",14,"3,5",7,2,4,3,6,1,1,0,0,"60,5",61,55,"5,5","S049,S050,S051","FBO/FBS и доставка подтверждены; тарифы, WMS и количественные кейсы раскрыты ограниченно."
EXCLUDED,FFSTATS,FAIL_GEOGRAPHY,,,,,,,,,,,,,,,,,,,"79,5",,"S052,S053,S054",Исключен по frozen inclusion rule: склад и операционная база публично указаны в Тульской области; обслуживание Москвы/МО как целевой географии оператора не подтверждено.